{
  "traces": [
    8.79500675201416,
    4.830514907836914,
    4.327639818191528
  ],
  "metrics": [
    30,
    30,
    30
  ],
  "end_to_end": [
    10.848599195480347,
    6.897959232330322,
    6.361981153488159
  ]
}